Title,Link,Posts
Ryssland st칛nger otippat del av sitt luftrum 23/24 nov 2024 - Satan 2? (X),https://www.flashback.org/t3643116,"Vad kan vi f칬rv칛nta oss?

https://x.com/TobiAyodele/status/1860248006768951667


Citat:

		
			 The Russian Armed Forces will close part of the airspace on November 23-24 for the next RSD test. It is still unknown which missile will be tested this time. 
 || 
86 k칛rnvapen 칛r framme och redo enligt amerikanska k칛llor 
 || 
Citat:


 Ursprungligen postat av xXEmMEXx

86 k칛rnvapen 칛r framme och redo enligt amerikanska k칛llor



Ok. Kan du l칛nka dessa k칛llor? Vem 칛r det som har 86 k칛rnvapen redo? 츿r det Ryssland, Ukraina, USA eller Kina?"
Norge - Marius Borg H칮iby arrestert (2024-08-06),https://www.flashback.org/t3622454,"Ikke nok med at vi har en kronsprinsesse som snakker med engler og skal gifte seg med en sjaman, n친 칮nsker Mettefarits ogs친 친 f친 sin tid i rampelyset. 30 timer p친 glattcelle:

https://www.nettavisen.no/kjendis/ma...s/5-95-1946712

Norske kongefamilien leverer alltid! 
 || 
Citat:


 Ursprungligen postat av Malacay66

Ikke nok med at vi har en kronsprinsesse som snakker med engler og skal gifte seg med en sjaman, n친 칮nsker Mettefarits ogs친 친 f친 sin tid i rampelyset. 30 timer p친 glattcelle:

https://www.nettavisen.no/kjendis/ma...s/5-95-1946712

Norske kongefamilien leverer alltid!



Ditt inl칛gg 칛r f칬red칬mligt kort men kan du v칛nligen f칬rklara vad ""glattcelle"" 칛r f칬r n친got? 
 || 
Citat:


 Ursprungligen postat av Kapten-Keps

Ditt inl칛gg 칛r f칬red칬mligt kort men kan du v칛nligen f칬rklara vad ""glattcelle"" 칛r f칬r n친got?



Sl칛t cell/arrest 游"
Allsvenskan & Superettan kvalet,https://www.flashback.org/t3642799,"Hj칛ltarnas tid 칛r kommen d친 Lund f칬rhoppningsvis skickar ut 칐FK en g친ng f칬r alla!

Intressant 칛r ocks친 om BoIS klarar att ta sig upp i Allsvenskan igen f칬r f칬rsta g친ngen sedan 2005?

Lunds BK - 칐stersunds FK 18:30

Stockholm Internazionale - GIF Sundsvall 19

Landskrona BoIS - IFK V칛rnamo 19 
 || 
칐FK 칛r v칛cken. Kan n칛stan s칛tta vad som helst p친 det. Tror man n친got annat sitter det en r칬v d칛r hj칛rnan borde sitta. 
 || 
Citat:


 Ursprungligen postat av Skarparattarn

Hj칛ltarnas tid 칛r kommen d친 Lund f칬rhoppningsvis skickar ut 칐FK en g친ng f칬r alla!

Intressant 칛r ocks친 om BoIS klarar att ta sig upp i Allsvenskan igen f칬r f칬rsta g친ngen sedan 2005?

Lunds BK - 칐stersunds FK 18:30

Stockholm Internazionale - GIF Sundsvall 19

Landskrona BoIS - IFK V칛rnamo 19



Hoppet st친r till Lund, Sundsvall och V칛rnamo. Lund d칛rf칬r att 칐FK, Sundsvall f칬r att jag inte accepterar att en klubb med till칛gget Internazionale ska spela i Superettan, och V칛rnamo f칬r att jag gillar sm친l칛ndska byh친lor (ryktet f칬rt칛ljer dessutom att de n칛sta 친r ska ha en gr칛splan som f친r Wembley att blekna i j칛mf칬relse)."
